variable,estimate,lci,uci,type,group
htn_disease,25.75085524182136,25.641858186830646,25.860154483425106,Proportion,NA
htn_status,9.879167057450925,9.800384326060852,9.958513181469558,Grouped,d
htn_status,74.24914475817864,74.1398455165749,74.35814181316935,Grouped,n
htn_status,15.87168818522432,15.782915079066356,15.960865976873585,Grouped,u
