group,estimate,lci,uci,variable,type
2,25.668350567518278,25.50522773206741,25.8321549094425,valid_size_cat,Grouped
3-4,50.90325095938743,50.68446316334154,51.12200416008711,valid_size_cat,Grouped
5,23.428398478750626,23.213263655202887,23.644913163698618,valid_size_cat,Grouped
