group,estimate,lci,uci,variable,type
2,40.25111318695724,40.04752010026417,40.45504287883385,valid_size_cat,Grouped
3-4,46.720449437094075,46.514785635464975,46.92622475233878,valid_size_cat,Grouped
5,13.028437379122728,12.895092572974356,13.16295269775059,valid_size_cat,Grouped
